project.affiliation,project.architecture,project.applications,project.link,project.notes,adaptability.hardware_requirements.value,adaptability.hardware_requirements.notes,adaptability.dataset_size.value,adaptability.dataset_size.notes,adaptability.adaptation_pathways.value,adaptability.adaptation_pathways.notes,adaptability.adaptation_pathways.tags,adaptability.technical_barriers.value,adaptability.technical_barriers.notes,adaptability.technical_barriers.tags,adaptability.model_redistribution.value,adaptability.model_redistribution.notes,controllability.conditioning_inputs.value,controllability.conditioning_inputs.notes,controllability.conditioning_inputs.tags,controllability.time_varying_control.value,controllability.time_varying_control.notes,controllability.feature_disentanglement.value,controllability.feature_disentanglement.notes,controllability.feature_disentanglement.tags,controllability.control_parameters.value,controllability.control_parameters.notes,controllability.control_parameters.tags,usability.interface_availability.value,usability.interface_availability.notes,usability.interface_availability.tags,usability.access_restrictions.value,usability.access_restrictions.notes,usability.realtime_capabilities.value,usability.realtime_capabilities.notes,usability.workflow_integration.value,usability.workflow_integration.notes,usability.workflow_integration.tags,usability.output_licensing.value,usability.output_licensing.notes,usability.community_support.value,usability.community_support.notes,usability.community_support.tags,source.file,adaptability_score,controllability_score,usability_score,overall_score
Google Magenta,differentiable DSP,"MIDI-to-audio, audio synthesis, style transfer",,,partial,The model can be effectively trained on a consumer-grade GPU (the authors suggest ~2-3 hours on Colab’s free tier). CPU-only training is not presented as a practical option.,high,"The model is explicitly designed for small, domain-specific datasets. Official documentation recommends 10–20 minutes of monophonic audio to train a usable instrument model, making personal recordings fully viable for musicians.",partial,"Complete training code and documented data preprocessing pipelines are provided, including an official Colab notebook for end-to-end model adaptation. However, these pathways rely on notebooks and codebases that have not been actively maintained in recent years, which may require additional setup or troubleshooting.",training,partial,"A streamlined Colab notebook with step-by-step instructions is provided, lowering the barrier for users with basic technical familiarity. However, no graphical training interface exists, and successful adaptation still requires navigating notebooks, file systems, and model formats, placing it beyond non-technical musicians.",Colab,high,"The code and trained models are released under the Apache License 2.0, which explicitly permits redistribution of modified and derived works, including trained and fine-tuned models, for both commercial and non-commercial use, provided attribution and license terms are preserved.",high,"The model accepts multiple musically meaningful conditioning inputs, including audio and MIDI, which directly affect synthesis behavior rather than acting as descriptive prompts.","MIDI, audio",high,"DDSP-VST supports sample-accurate, continuous time-varying control over pitch, loudness, envelopes, and excitation signals, enabling fine-grained expressive manipulation suitable for performance and automation.",high,"Disentanglement is core to the DDSP architecture. Pitch and loudness are explicitly modeled as independent control pathways, resulting in predictable and interpretable behavior. Timbre, while not exposed as a conditioning input or runtime control, is treated as a disentangled inductive bias and is implicitly determined by the data used to train the model.","loudness, pitch",high,"The system exposes both high-level musical parameters (e.g., ADSR envelopes, gain, reverb) and low-level latent control (harmonic–noise balance, pitch, and loudness trajectories). Core internal representations are directly and meaningfully manipulable, enabling precise and interpretable control over synthesis behavior.",latent manipulation,high,"DDSP-VST is distributed as native VST3 and AU plugins with a polished graphical interface, fully compatible with major DAWs. No custom setup is required beyond standard plugin installation.","AU, VST",high,"The plugins, pretrained models, training notebooks, and source code are freely available with no paywalls, subscriptions, or usage limits.",high,"The system is designed for real-time audio processing and synthesis within DAWs. A fixed 64 ms algorithmic latency is introduced due to frame-based pitch detection, which is standard for pitch-aware audio plugins and remains fully suitable for live and interactive performance.",high,"DDSP-VST integrates directly into standard music production workflows as both a real-time audio effect and a MIDI-controlled synthesizer, with automation support and DAW-level modulation (e.g., LFO assignment to pitch and gain).",DAW,high,The project does not impose any additional licensing restrictions on generated audio. Outputs can be freely used for personal and commercial purposes without attribution requirements.,high,"An active Discord community is provided alongside GitHub issues, offering musician-oriented support, discussion, and troubleshooting.","Discord, GitHub Issues",/projects/ddsp-vst.yaml,70.0,100.0,100.0,90.0
IRCAM,"latent diffusion, rectified flow","MIDI-to-audio, audio synthesis, style transfer",,,partial,Training and export pipelines are GPU-oriented in practice. CPU-only training is technically possible but impractical within a reasonable timeframe.,partial,"The original version of the model, as described in the paper, was trained using approximately 400h of audio from the Synthesized Lakh dataset. Recent versions of AFTER include instrument-specific models, suggesting these data requirements have been significantly reduced. However, no documentation demonstrates that AFTER can be trained effectively on relatively small datasets.",high,"Complete training workflows are provided, including dataset preparation, autoencoder training (optional), diffusion training, and export for real-time inference. Pretrained audio codecs are available to skip the autoencoder stage.","pretrained codec, training",low,"Training and export are conducted exclusively through command-line interfaces. Although documentation is thorough and aimed at technical users, adaptation requires significant programming knowledge, familiarity with PyTorch-based workflows, and manual configuration across multiple training stages.",CLI,partial,"The CC BY-NC 4.0 license permits sharing adapted models or checkpoints for non-commercial use with attribution, but redistribution is constrained and not explicitly promoted by the project.",high,"AFTER supports multiple conditioning modalities, combining audio-to-audio and MIDI-to-audio pipelines for structural control, alongside audio conditioning for timbre.","MIDI, audio",high,"The model provides explicit, structured time-varying control by separating timbre and structure representations. Conditioning inputs (audio or MIDI) directly shape temporal evolution during generation, enabling fine-grained control over musical form and dynamics.",high,AFTER explicitly disentangles timbre and structure through separate latent representations. This separation is central to the model’s design and enables predictable manipulation of distinct musical attributes.,"structure, timbre",high,"AFTER exposes several inference-time control parameters, including conditioning strength, diffusion step count, and latent space controls. The Max for Live devices support coarse latent exploration via a learned 2D timbre map, with optional refinement through direct manipulation of latent dimensions.","conditioning strength, diffusion steps, latent manipulation",high,"Inference is available through Max/MSP and Pure Data patches, as well as Max for Live devices for Ableton Live, all built on top of nn~. While no standalone VST or web-based interface is provided, the Max for Live device enables direct use within a DAW environment.","Max/MSP, Max4Live, PureData",high,"The model, inference patches, and pretrained checkpoints are openly available. Inference can be run locally without usage limits, subscriptions, or paywalls once the software environment is set up.",high,"AFTER is explicitly designed for real-time audio generation. Optimized exports enable low-latency performance suitable for live use, including continuous audio-to-audio and MIDI-to-audio generation.",high,"AFTER integrates directly into established music workflows through visual programming environments and DAW-based contexts, specifically as a Max for Live device within Ableton Live, and is designed for live performance, real-time exploration, and structured musical interaction.","DAW, visual programming",partial,"The generated output is licensed under Creative Commons Attribution–NonCommercial 4.0. Use is permitted for personal, artistic, and research purposes, but commercial use is explicitly restricted, limiting professional adoption without additional permission.",partial,"User support is limited to GitHub Issues, which are primarily developer- and research-oriented. No dedicated musician-facing community or discussion forum is provided.",GitHub Issues,/projects/after.yaml,50.0,100.0,83.0,78.0
IRCAM,variational autoencoder,"audio synthesis, style transfer",,,partial,"A consumer-grade GPU (e.g., 8–16GB VRAM) is needed depending on configuration. Lightweight options (e.g., ONNX, Raspberry) reduce demands, but CPU-only training is not recommended.",high,"The model is designed to be trained on relatively small, domain-specific datasets, with documentation suggesting a few hours of homogeneous audio as a practical minimum, making personal datasets viable.",high,"Complete dataset preparation, training, export, and prior training pipelines are provided, with multiple architectures and configurations explicitly intended for adaptation on new data.","prior training, training",partial,"Training and preprocessing rely on command-line tools and Python environments. A Colab notebook, a detailed tutorial, and extensive documentation are provided, making adaptation accessible to users with basic technical skills, but no dedicated training GUI is available.","CLI, Colab, tutorial",partial,RAVE’s CC BY-NC 4.0 license permits redistribution of trained models or checkpoints with attribution for non-commercial use. Sharing is legally allowed but commercially restricted and not explicitly structured or encouraged beyond general community practice.,partial,"RAVE primarily operates in an audio-to-audio paradigm. Conditioning is based on incoming audio, with no native support for text, MIDI, or symbolic inputs.",audio,partial,"RAVE preserves temporal structure through audio-to-audio conditioning, with output following the time evolution of the input signal. However, it does not support explicit symbolic or structured time-varying controls (e.g. MIDI, aligned control envelopes, or temporal embeddings).",partial,"Post-training analysis identifies informative latent dimensions and improves controllability, but these dimensions are not associated with explicit or interpretable musical attributes, such as pitch or timbre.",,high,"RAVE exposes a rich set of inference-time control parameters, including per-dimension latent scaling and bias, controllable noise injection, and optional latent priors, enabling fine-grained manipulation during synthesis.","latent manipulation, latent noise, latent prior",high,"Inference is available via multiple user-facing interfaces, including a VST plugin and real-time integrations for Max/MSP and Pure Data, in addition to command-line tools.","AU, Max/MSP, PureData, VST",high,"The model’s source code is publicly available, along with inference scripts and pretrained models. No login, subscription, or usage limits apply.",high,"The model supports low-latency, real-time audio synthesis and streaming, including CPU-based real-time inference suitable for live performance.",high,"RAVE can be embedded directly into common music workflows, including DAWs and visual programming environments, enabling both studio and live use.","DAW, visual programming",partial,"The output may be used, modified, and shared for non-commercial purposes only, and attribution is required. Commercial use of generated material is not permitted under CC BY-NC 4.0.",high,"Active and accessible support is available via a dedicated Discord server, GitHub discussions, and regularly updated tutorials and examples.","Discord, Forum, GitHub Discussions, GitHub Issues",/projects/rave.yaml,70.0,62.0,92.0,75.0
Neutone Inc.,,"audio synthesis, style transfer",,,high,"Custom model training does not require local compute resources. Morpho’s training pipeline is fully cloud-based, requiring no GPU, no local installation, and no ML environment, which removes hardware barriers entirely for end users.",high,"Morpho is designed to be trained on small, musician-scale datasets, with clear guidance suggesting ~45 minutes of unique audio as a practical target. This scale is well within reach of individual musicians working with personal recordings or sound libraries.",partial,"A complete and practical adaptation pathway is provided through Neutone’s proprietary training service, allowing musicians to upload audio and train custom models end-to-end. However, the training process is closed-source and platform-bound, with no access to underlying training code, checkpoints, or local fine-tuning workflows.",training,high,"Model adaptation is designed explicitly for non-technical users. Training is performed via a drag-and-drop, no-code interface, with extensive musician-oriented guidance on dataset preparation, making the process accessible to users without programming or machine learning experience.","GUI, drag-and-drop",partial,"Trained models can be freely used by their creators within the Neutone ecosystem, but redistribution is constrained to the platform. Models cannot be exported or reused outside Neutone’s plugin environment, limiting portability despite creative freedom within the system.",partial,"Morpho conditions on incoming audio, using learned timbral representations to transform signals in real time. While rich in effect, conditioning is limited to a single musically meaningful modality rather than multiple symbolic or structured inputs.",audio,partial,"Time-localized control emerges implicitly through real-time resynthesis, as the output dynamically follows the temporal structure of the input signal. However, the model does not expose explicit time-indexed representations or independent control over temporal musical attributes (e.g., pitch curves or structural markers).",partial,"Neutone Morpho exhibits partial feature disentanglement through real-time audio resynthesis, where temporal structure and pitch contours of the input signal are largely preserved while timbre is transformed by the selected model. This yields predictable and musically coherent behavior in practice, but control pathways are implicit and dependent on the trained model, with no explicit or independently manipulable representations of pitch, loudness, or structure.",,partial,"Neutone Morpho exposes a small set of learned macro-controls that influence stochastic behavior and the strength of coupling between input and output. These parameters offer musically intuitive control over unpredictability and responsiveness, but do not provide direct access to or manipulation of internal latent representations.","conditioning strength, randomness",high,"Neutone Morpho is distributed as a polished VST3/AU plugin with a dedicated graphical interface, designed for immediate use inside major DAWs. No scripting, external inference setup, or technical configuration is required.","AU, VST",partial,"The plugin itself is freely downloadable with a limited set of bundled models and a time-limited trial of the full library. Access to additional pretrained models and custom model training requires account creation and paid purchases, introducing moderate platform-level restrictions.",high,"Morpho is explicitly designed for real-time audio processing, operating with low and predictable latency suitable for live performance. The system is optimized for consumer CPUs (e.g., Apple M1-class hardware) and is demonstrated in both DAW and embedded hardware contexts.",high,"Morpho integrates directly into standard music production workflows as an audio effect and instrument plugin, with automation-ready parameters and compatibility with all major DAWs. Ongoing work (e.g., Project LYDIA with Roland) further demonstrates its suitability for hardware and live performance contexts.","DAW, hardware",high,"Audio output generated using Neutone Morpho is fully usable for personal and commercial purposes. Models are trained exclusively on licensed or user-provided data, and users retain ownership of sounds they create.",high,"Neutone maintains an active Discord community, direct support channels, detailed blog posts, FAQs, and ongoing artist-focused communication, providing accessible support for both creative and technical questions.","Discord, Help center",/projects/neutone-morpho.yaml,80.0,50.0,92.0,74.0
The Hong Kong University of Science and Technology (HKUST) and MAP,autoregressive transformer,"continuation, full song generation, lyrics-to-song",,,low,"YuE requires dedicated high-end GPU infrastructure for training and scaling (e.g., tens to hundreds of NVIDIA H800 GPUs via Megatron-LM). Fine-tuning setup assumes substantial VRAM and distributed tooling. Therefore, training or fine-tuning is not feasible without institutional-level computational resources. ",low,"YuE was trained on large-scale datasets (e.g., hundreds of thousands of hours of audio), and does not support adaptation on small datasets. ",high,"YuE provides fine-tuning code in a subdirectory of the main GitHub repository. However, the pathway documentation assumes prior technical knowledge and infrastructure, which makes adaptation technically possible but not streamlined from a musician's perspective.  ","LoRA, fine-tuning, pretrained checkpoints",low,"Fine-tuning is provided only through low-level training scripts. No graphical interface, simplified notebook, or musician-oriented workflow is provided, resulting in high technical barriers to adaptation.",CLI,high,"YuE is released under the Apache 2.0 license, which explicitly permits modification and redistribution of derivative works, including fine-tuned models. Although fine-tuning is technically demanding, adapted checkpoints can be legally redistributed without restriction.",partial,"YuE supports generation conditioning through text (lyrics, structural labels, and style tags), and optional reference audio for in-context learning. ","audio, lyrics, section, style tags, text",partial,"YuE provides limited time-localized control through section-based generation, allowing different musical behaviors across structured segments (e.g., verse, chorus). However, control remains discrete and symbolic, with no fine-grained or continuous time-varying manipulation within segments.",partial,"YuE introduces training-stage mechanisms to reduce entanglement between textual and audio conditioning, yielding partial disentanglement at inference time. Nonetheless, internal musical attributes remain bundled, and disentanglement is neither explicit nor robustly exposed to user-level control.",,partial,"YuE supports a few inference-time control parameters, limited to repetition penalty (to discourage looping) and deterministic seeding. Other controls, including temperature, top-p sampling and per-segment guidance scaling, remain hard-coded in the inference script, and direct manipulation of internal latent representations is not supported.","randomness, variability",partial,"Multiple community-developed Gradio-based UIs are available for YuE, most of them based on or derived from the interface developed by Alisson Pereira Anjos (alisson-anjos). There is also a third-party one-click installer (Pinokio), which can simplify local setup on Windows. Still, these UIs require local setup, GPU configuration, and technical familiarity. Moreover, there are some community-develop Colab notebooks for specific tasks, such as music continuation. No official standalone or plug-and-play application in provided.","Colab, Gradio",high,"YuE’s inference code and pretrained checkpoints are openly available without paywalls, subscriptions, or usage limits. The model is released under the Apache 2.0 license, allowing unrestricted use, with no login or platform-specific access requirements.",low,"YuE does not support real-time or interactive generation. Inference requires a GPU, and generation latency is substantial (e.g., generating 30 seconds of audio takes ~150 s on a NVIDIA H800 and ~360 s on a RTX4090). ",low,"Interaction is limited to offline, file-based generation via scripts or standalone UIs, with no native support for DAW plugins, MIDI/OSC control, or other direct integration into existing creative setups.",,high,"YuE outputs may be used for both personal and commercial purposes, and users retain ownership of generated content. However, the license encourages attribution to the model (“YuE by HKUST/M-A-P”) and recommends transparency when publishing AI-generated works. ",high,"Support exists via a Discord channel, GitHub issues and documentation. ","Discord, GitHub Issues",/projects/yue.yaml,40.0,50.0,58.0,49.0
Singapore University of Technology and Design and Lamda Labs. ,"latent diffusion, rectified flow","full song generation, lyrics-to-song",,,partial,The model requires a CUDA-compatible GPU with sufficient VRAM (+8GB is recommended). Not feasible to train the model on CPU.,low,"No clear information about the dataset size is provided. The model was trained on a dataset of ~54k hours of audio, which makes adaptation infeasible with musician’s own data. ",high,"JAM provides complete code and documentation for pretraining, supervised fine-tuning, and direct preference optimization. Model checkpoints are available. ","fine-tuning, pretrained checkpoints, training",low,Adaptation requires technical expertise. All training a preprocessing rely on command-line implementation. No user-friendly adaption interface is provided. ,CLI,partial,"The use, modification and distribution of JAM is subject to Stability AI Community License Agreement, which is restricted to research and non-commercial use, and requires attribution and notice. Commercial-use may be obtained by registering with Stability AI or with a separate commercial license.",partial,JAM can be conditioned by lyrics (including word- and phoneme-level timing) and style (via text or audio).,"audio, lyrics, text, timing",partial,"JAM supports precise time-varying control over vocal structure, with explicit word- and phoneme-level timing and duration inputs that directly guide generation at the latent space. However, no time-varying control is provided for the accompaniment or instrumental structure.",partial,"JAM separates lyrics timing, global duration, and style conditioning through explicit control pathways, enabling partial disentanglement of vocal structure. However, musical attributes are not independently controllable, and style remains an entangled representation, limiting fully interpretable, attribute-specific control.",,partial,"JAM provides several generation control parameters, including global duration, adjustable guidance strength, and diffusion step configuration, allowing users to directly influence generation behavior. However, direct manipulation of internal representations is not supported.","conditioning strength, diffusion steps, duration",partial,"There is a hosted HuggingFace web demo, but it is currently unavailable. However, the Gradio code is accessible and can be run locally, though it requires installation and environment setup by the user.",Gradio,high,"JAM’s source code is openly available and can be freely used without limits, paywalls, or subscriptions. ",low,No clear information about the time required for generation is provided. No reference to real-time generation is provided in the documentation or the research article. ,low,There are no clear instructions or specific tools to integrate JAM to a musician’s workflow. ,,partial,"Outputs generated with JAM cannot be used for commercial-use, and must not be including content that violates copyright laws. Responsibility of the generated outputs relies entirely with the end user. ",partial,"Support exists via GitHub issues and documentation, but there is no dedicated musician-oriented support space.",GitHub Issues,/projects/jam.yaml,40.0,50.0,42.0,44.0
Stablility AI,latent diffusion,"style transfer, text-to-music",,,partial,"Stable Audio Open Small research paper reports using institutional-scale hardware for fine-tuning (8 x H100 GPUS). However, the released source code supports adaptation on a single consumer-grade GPU, although with significant memory and storage demands. Adapting the model with CPU-only is impractical, and larger GPU setups will significantly improve training and fine-tuning feasibility. ",low,"Stable Audio Open Small training relies on large-scale curated data (i.e., thousands of hours of audio). No documentation suggests that effective training or fine-tuning can be achieved with small personal datasets. ",high,"Stable Audio Open provides complete training and fine-tuning code, supports continuation from pretrained checkpoints, and includes documented data and model configuration pipelines. This makes adaptation on custom datasets technically feasible, even if demanding in practice. ","fine-tuning, pretrained checkpoints, training",low,"Adaptation requires substantial technical expertise, including configuration of diffusion training pipelines, dataset preparation, and GPU-based training. No user-friendly interface for model adaptation is provided",CLI,partial,"Redistribution of adapted models is permitted under the Stability AI Community License, but subject to licensing conditions and commercial revenue thresholds. ",partial,"Stable Audio Open Small primarily conditions on text prompts. No additional musically structured modalities (e.g., MIDI, symbolic control) are available. In addition to text prompts, the model supports audio-to-audio generation by initializing the diffusion process with a reference recording, enabling implicit style transfer without additional training. ","audio, text, timing",partial,"The model enables time-localized influence through audio initialization (e.g., beat-aligned or voice-guided generation), but does not provide explicit or fine-grained time-varying control over musical attributes.",low,No disentangled or explicitly separable musical controls are provided. Musical attributes are implicitly entangled within prompt- and audio-based generation.,,partial,"Stable Audio Open Small provides several low-level inference parameters (e.g., duration, diffusion steps, standard diffusion cfg values), allowing certain degree of generation tuning. However, it does not provide direct manipulation of internal representations or fine-grained controls for musical attributes.","conditioning strength, diffusion steps, duration, randomness, sampling strategy",partial,"The model can be run through a basic Gradio UI provided in the stable-audio-tools library, offering a simplified interactive interface. However, it requires installation and environment setup by the user.",Gradio,partial,"Stable Audio Open Small can be run locally with open pretrained checkpoints and inference code without paywalls, usage limits, or subscriptions, subject only to license agreement acceptance.",partial,"Stable Audio Open Small can be interactive on high-end consumer GPU for short audio segments (e.g., achieving sub-200ms response time), but it not designed for low-latency or streaming use on CPU and is impractical for live performance on usual personal hardware. ",low,"Although optimized for low-latency generation on GPU, this model does not offer native integration with DAWs, live music environments, visual programming systems, or musical hardware. Usage is limited to file- or script-based generation via research tooling, with no direct embedding in existing creative workflows",,partial,"Generated outputs are owned by the user and may be used for both non-commercial and commercial purposes. However, commercial use is conditional on registration and subject to revenue thresholds, attribution requirements, and restrictions on downstream uses (e.g., training other foundational models). That is, output usage is permitted but not unrestricted.",high,"Support exists via a Discord channel (i.e., specific sub-channel “stable-audio”), GitHub issues and documentation. ","Discord, GitHub Issues",/projects/stable-audio-open-small.yaml,40.0,38.0,50.0,43.0
Meta AI,autoregressive transformer,"continuation, text-to-music",,,low,"Training and fine-tuning require institutional-scale hardware. Official models were trained using dozens of GPUs, and even inference for medium/large variants requires ~16 GB VRAM GPUs. CPU-only training is not supported.",low,"The model is designed around very large curated datasets (≈20k hours). Fine-tuning presupposes similarly structured datasets with metadata, which makes the use of personal data collections impractical.",high,"MusicGen provides complete training and fine-tuning code, supports continuation from pretrained checkpoints, and includes documented data processing pipelines. This makes adaptation on personal or custom datasets technically feasible, even if demanding in practice.","fine-tuning, pretrained checkpoints, training",low,"Adaptation requires extensive technical expertise (e.g,., Dora, AudioCraft configs, tokenizer alignment, distributed training). No user-friendly adaptation interface is provided.",CLI,partial,"While the software is permissively licensed (MIT), redistribution of trained models and checkpoints is constrained by the weights license (CC BY-NC 4.0), which imposes a non-commercial restriction and requires attribution.",partial,Supports text conditioning and melody conditioning via chromagram (audio-derived). No MIDI or symbolic score input is supported.,"melody, text",partial,"Melody conditioning enables coarse time-aligned control over harmonic structure, but there is no per-frame or parameter-level temporal control exposed to users.",partial,"Text and melody controls influence different aspects of generation, but interactions remain implicit and do not enable interpretable or musically isolated guidance.",,partial,"MusicGen exposes high-level generation parameters such as duration, sampling controls (temperature, top-k/top-p), and a classifier-free guidance (CFG) coefficient. These provide coarse control over variability and conditioning strength, but do not enable manipulation of internal representations.","conditioning strength, duration, randomness, sampling strategy",partial,"Gradio code and Colab notebooks are provided, but require setup and GPU access. A hosted HuggingFace web demo is available but currently unreliable.","Colab, Gradio",high,"Inference via HuggingFace Spaces, although currently unreliable, is freely accessible without login or usage restrictions. Pretrained checkpoints and inference code are publicly available, with no paywalls, subscriptions, or usage limits imposed on model use.",low,Generation is offline and not suitable for real-time use. Local inference requires a GPU.,low,"MusicGen offers no native integration with DAWs, live music environments, or hardware. Usage is limited to file-based generation via notebooks or scripts.",,high,Generated audio can be used for personal and commercial purposes under the model’s license.,partial,"Support exists via GitHub issues, documentation, and community tutorials, but there is no dedicated musician-oriented support space.",GitHub Issues,/projects/musicgen.yaml,30.0,50.0,50.0,43.0
"Suno, Inc.",,"continuation, editing, full song generation, remixing, text-to-music",,,low,No information is provided regarding the hardware requirements for training the model.,low,No information is provided about the amount or type of data required for training or fine-tuning the model.,low,"No training or fine-tuning pathways are exposed to users (e.g., no code, checkpoints, or interfaces), making adaptation infeasible from a musician’s perspective.",,low,"Technical barriers for adaptation cannot be evaluated, as no adaptation mechanisms are provided or documented.",,low,"Model weights and checkpoints are not accessible to users. The system is provided solely as a hosted service, and redistribution or sharing of adapted models is not permitted under the platform’s terms.",partial,"Suno primarily relies on text-based conditioning, including free-form prompts and lyrics. It also allows reference-based reuse of stylistic characteristics from existing songs, enabling style guidance through audio examples without exposing explicit or interpretable conditioning representations.","audio, lyrics, style tags, text",low,"Suno does not expose explicit time-varying control signals such as aligned envelopes, symbolic sequences, or structured temporal representations.",low,"No disentangled or explicitly separable musical control dimensions are exposed. Attributes such as timbre, harmony, rhythm, and form are implicitly entangled within prompt-based generation.",,partial,"Suno exposes a small set of high-level inference-time controls, such as variability and conditioning strength for style or audio inputs, through its interface. No access to low-level model parameters or internal representations is provided.","conditioning strength, randomness",high,"A dedicated consumer-facing interface is provided for music generation through a web-based application, requiring no local installation or technical setup. Additional iOs and Android apps are available.","Android app, iOS app, web UI",partial,"Access requires user accounts and is subject to usage constraints, such as quotas, plan-dependent features, or queue-based generation, which may limit continuous or unrestricted use.",partial,Generation occurs with noticeable latency and is not designed for live or audio-rate real-time interaction. The system supports interactive use but not real-time performance or streaming control.,low,"The system operates as a standalone platform. Although generated audio can be exported, there is no supported mechanism for integrating the model into DAWs, live music environments, or other existing music workflows.",,partial,"Some use limitations apply to the generated output (e.g., free-tier outputs are non-commercial and require attribution; commercial use is tied to paid tiers; additional restrictions include prohibitions on competitive use and using output to train other ML models).",high,User-facing support resources are available via a help center and a community Discord.,"Discord, Help center",/projects/suno.yaml,0.0,25.0,58.0,28.0
Udio,,"continuation, editing, full song generation, remixing, text-to-music",,,low,No information is available about the hardware requirements to train the model. ,low,No information is available about the amount or type of data required to adapt the model to a musician’s own music. ,low,"No training, fine-tuning, or adaptation pathways are provided for users (e.g., no code, checkpoints, or interfaces), making adaptation infeasible from a musician’s perspective.",,low,"Technical barriers for adaptation cannot be evaluated, as no adaptation mechanisms are provided or documented.",,low,"Model weights and checkpoints are not accessible to users. The system is provided solely as a hosted service, and redistribution or sharing of adapted models is not permitted under the platform’s terms.",partial,"Udio relies on text-based conditioning, including free-form prompts and lyrics. It allows to set stylistic reference to set the overall mood and tempo of the track.","lyrics, style tags, text",low,"Udio provides limited time-localized control through iterative generation and segment-based continuation. However, it does not support explicit or fine-grained temporal conditioning such as per-frame, per-beat, or symbolic time-aligned controls. As a result, the generation itself cannot be guided by meaningful temporal controls.",low,"No disentangled or explicitly separable musical control dimensions are exposed. Attributes such as timbre, harmony, rhythm, and form are implicitly entangled within prompt-based generation.",,low,Udio does not provide any control parameters beyond the conditioning inputs.,,high,"A dedicated consumer-facing interface is provided for music generation through a web-based application, requiring no local installation or technical setup. An iOS app is also available. ","iOS app, web UI",partial,"Access requires using user accounts, accepting terms and conditions and is subject to usage constraints, such as quotas and plan-dependent features, which may limit continuous or unrestricted use. Free trials and promotional codes are available.",partial,Generation takes several seconds and is not designed for live or audio-rate real-time interaction. The system supports real-time editing but not real-time performance or streaming control.,low,"The system operates as a standalone platform. There is no supported mechanism for integrating the model into DAWs, live music environments, or other existing music workflows.",,low,"The model’s outputs are subject to proprietary licensing: use is restricted to personal, non-commercial purposes, downloading outputs is prohibited, and ownership of generated content is retained by the company, which constitutes a heavy restriction to output usage. Attribution is required for public use of outputs, although this requirement may be waived for outputs generated under a paid subscription.",high,"User-facing support resources are available via a help center and  chatbox in their website, and a community in discord Discord and a forum in Reddit, where musicians and music-lovers are encourage to share tips and support.","Discord, Forum, Help center",/projects/udio.yaml,0.0,12.0,50.0,21.0
